Loan_ID,Gender,Married,Dependents,Education,Self_Employed,ApplicantIncome,CoapplicantIncome,Loan_Amount_Term,Credit_History,Property_Area, loan_amount,Loan_Status
LP001002,Male,No,0,Graduate,No,5849,0,360,1,Urban,29900000, Approved
LP001003,Male,Yes,1,Graduate,No,4583,1508,360,1,Rural,12200000, Rejected
LP001005,Male,Yes,0,Graduate,Yes,3000,0,360,1,Urban,29700000, Rejected
LP001006,Male,Yes,0,Not Graduate,No,2583,2358,360,1,Urban,30700000, Rejected
LP001008,Male,No,0,Graduate,No,6000,0,360,1,Urban,24200000, Rejected
LP001011,Male,Yes,2,Graduate,Yes,5417,4196,360,1,Urban,13500000, Rejected
LP001013,Male,Yes,0,Not Graduate,No,2333,1516,360,1,Urban,33000000, Approved
LP001014,Male,Yes,3+,Graduate,No,3036,2504,360,0,Semiurban,15000000, Rejected
LP001018,Male,Yes,2,Graduate,No,4006,1526,360,1,Urban,2200000, Approved
LP001020,Male,Yes,1,Graduate,No,12841,10968,360,1,Semiurban,4300000, Rejected
LP001024,Male,Yes,2,Graduate,No,3200,700,360,1,Urban,11200000, Approved
LP001027,Male,Yes,2,Graduate,,2500,1840,360,1,Urban,22700000, Rejected
LP001028,Male,Yes,2,Graduate,No,3073,8106,360,1,Urban,11600000, Rejected
LP001029,Male,No,0,Graduate,No,1853,2840,360,1,Rural,31500000, Approved
LP001030,Male,Yes,2,Graduate,No,1299,1086,120,1,Urban,7400000, Rejected
LP001032,Male,No,0,Graduate,No,4950,0,360,1,Urban,10700000, Approved
LP001034,Male,No,1,Not Graduate,No,3596,0,240,,Urban,1600000, Approved
LP001036,Female,No,0,Graduate,No,3510,0,360,0,Urban,9400000, Approved
LP001038,Male,Yes,0,Not Graduate,No,4887,0,360,1,Rural,10300000, Approved
LP001041,Male,Yes,0,Graduate,,2600,3500,,1,Urban,14600000, Approved
LP001043,Male,Yes,0,Not Graduate,No,7660,0,360,0,Urban,19400000, Rejected
LP001046,Male,Yes,1,Graduate,No,5955,5625,360,1,Urban,14000000, Rejected
LP001047,Male,Yes,0,Not Graduate,No,2600,1911,360,0,Semiurban,25700000, Rejected
LP001050,,Yes,2,Not Graduate,No,3365,1917,360,0,Rural,1400000, Approved
LP001052,Male,Yes,1,Graduate,,3717,2925,360,,Semiurban,9800000, Rejected
LP001066,Male,Yes,0,Graduate,Yes,9560,0,360,1,Semiurban,9500000, Rejected
LP001068,Male,Yes,0,Graduate,No,2799,2253,360,1,Semiurban,28100000, Approved
LP001073,Male,Yes,2,Not Graduate,No,4226,1040,360,1,Urban,5600000, Approved
LP001086,Male,No,0,Not Graduate,No,1442,0,360,1,Urban,24000000, Rejected
LP001087,Female,No,2,Graduate,,3750,2083,360,1,Semiurban,31500000, Approved
LP001091,Male,Yes,1,Graduate,,4166,3369,360,,Urban,25300000, Rejected
LP001095,Male,No,0,Graduate,No,3167,0,360,1,Urban,12000000, Rejected
LP001097,Male,No,1,Graduate,Yes,4692,0,360,1,Rural,1600000, Rejected
LP001098,Male,Yes,0,Graduate,No,3500,1667,360,1,Semiurban,22000000, Approved
LP001100,Male,No,3+,Graduate,No,12500,3000,360,1,Rural,11900000, Approved
LP001106,Male,Yes,0,Graduate,No,2275,2067,360,1,Urban,3400000, Approved
LP001109,Male,Yes,0,Graduate,No,1828,1330,,0,Urban,6200000, Approved
LP001112,Female,Yes,0,Graduate,No,3667,1459,360,1,Semiurban,27200000, Rejected
LP001114,Male,No,0,Graduate,No,4166,7210,360,1,Urban,7700000, Approved
LP001116,Male,No,0,Not Graduate,No,3748,1668,360,1,Semiurban,5100000, Rejected
LP001119,Male,No,0,Graduate,No,3600,0,360,1,Urban,18100000, Approved
LP001120,Male,No,0,Graduate,No,1800,1213,360,1,Urban,24900000, Approved
LP001123,Male,Yes,0,Graduate,No,2400,0,360,,Urban,3400000, Rejected
LP001131,Male,Yes,0,Graduate,No,3941,2336,360,1,Semiurban,2300000, Rejected
LP001136,Male,Yes,0,Not Graduate,Yes,4695,0,,1,Urban,13400000, Approved
LP001137,Female,No,0,Graduate,No,3410,0,,1,Urban,27800000, Rejected
LP001138,Male,Yes,1,Graduate,No,5649,0,360,1,Urban,14600000, Approved
LP001144,Male,Yes,0,Graduate,No,5821,0,360,1,Urban,19100000, Approved
LP001146,Female,Yes,0,Graduate,No,2645,3440,360,0,Urban,20500000, Approved
LP001151,Female,No,0,Graduate,No,4000,2275,360,1,Semiurban,19100000, Approved
LP001155,Female,Yes,0,Not Graduate,No,1928,1644,360,1,Semiurban,25400000, Rejected
LP001157,Female,No,0,Graduate,No,3086,0,360,1,Semiurban,24700000, Rejected
LP001164,Female,No,0,Graduate,No,4230,0,360,1,Semiurban,7600000, Approved
LP001179,Male,Yes,2,Graduate,No,4616,0,360,1,Urban,23000000, Approved
LP001186,Female,Yes,1,Graduate,Yes,11500,0,360,0,Urban,19700000, Approved
LP001194,Male,Yes,2,Graduate,No,2708,1167,360,1,Semiurban,24500000, Approved
LP001195,Male,Yes,0,Graduate,No,2132,1591,360,1,Semiurban,10600000, Rejected
LP001197,Male,Yes,0,Graduate,No,3366,2200,360,1,Rural,30500000, Approved
LP001198,Male,Yes,1,Graduate,No,8080,2250,360,1,Urban,18400000, Rejected
LP001199,Male,Yes,2,Not Graduate,No,3357,2859,360,1,Urban,18200000, Approved
LP001205,Male,Yes,0,Graduate,No,2500,3796,360,1,Urban,18900000, Rejected
LP001206,Male,Yes,3+,Graduate,No,3029,0,360,1,Urban,30500000, Approved
LP001207,Male,Yes,0,Not Graduate,Yes,2609,3449,180,0,Rural,28900000, Rejected
LP001213,Male,Yes,1,Graduate,No,4945,0,360,0,Rural,7500000, Approved
LP001222,Female,No,0,Graduate,No,4166,0,360,0,Semiurban,12300000, Approved
LP001225,Male,Yes,0,Graduate,No,5726,4595,360,1,Semiurban,10300000, Rejected
LP001228,Male,No,0,Not Graduate,No,3200,2254,180,0,Urban,29100000, Approved
LP001233,Male,Yes,1,Graduate,No,10750,0,360,1,Urban,10100000, Rejected
LP001238,Male,Yes,3+,Not Graduate,Yes,7100,0,60,1,Urban,12400000, Approved
LP001241,Female,No,0,Graduate,No,4300,0,360,0,Semiurban,5000000, Rejected
LP001243,Male,Yes,0,Graduate,No,3208,3066,360,1,Urban,1500000, Rejected
LP001245,Male,Yes,2,Not Graduate,Yes,1875,1875,360,1,Semiurban,18600000, Approved
LP001248,Male,No,0,Graduate,No,3500,0,300,1,Semiurban,18300000, Rejected
LP001250,Male,Yes,3+,Not Graduate,No,4755,0,,0,Semiurban,16700000, Approved
LP001253,Male,Yes,3+,Graduate,Yes,5266,1774,360,1,Semiurban,8400000, Rejected
LP001255,Male,No,0,Graduate,No,3750,0,480,1,Urban,6500000, Approved
LP001256,Male,No,0,Graduate,No,3750,4750,360,1,Urban,14800000, Approved
LP001259,Male,Yes,1,Graduate,Yes,1000,3022,360,1,Urban,33500000, Approved
LP001263,Male,Yes,3+,Graduate,No,3167,4000,300,0,Semiurban,29400000, Approved
LP001264,Male,Yes,3+,Not Graduate,Yes,3333,2166,360,,Semiurban,1400000, Approved
LP001265,Female,No,0,Graduate,No,3846,0,360,1,Semiurban,8900000, Rejected
LP001266,Male,Yes,1,Graduate,Yes,2395,0,360,1,Semiurban,31200000, Approved
LP001267,Female,Yes,2,Graduate,No,1378,1881,360,1,Urban,21200000, Rejected
LP001273,Male,Yes,0,Graduate,No,6000,2250,360,,Semiurban,8600000, Approved
LP001275,Male,Yes,1,Graduate,No,3988,0,240,1,Urban,8200000, Approved
LP001279,Male,No,0,Graduate,No,2366,2531,360,1,Semiurban,21200000, Rejected
LP001280,Male,Yes,2,Not Graduate,No,3333,2000,360,,Semiurban,3800000, Rejected
LP001282,Male,Yes,0,Graduate,No,2500,2118,360,1,Semiurban,28300000, Rejected
LP001289,Male,No,0,Graduate,No,8566,0,360,1,Urban,8000000, Approved
LP001310,Male,Yes,0,Graduate,No,5695,4167,360,1,Semiurban,37600000, Approved
LP001316,Male,Yes,0,Graduate,No,2958,2900,360,1,Semiurban,21100000, Rejected
LP001318,Male,Yes,2,Graduate,No,6250,5654,180,1,Semiurban,20700000, Rejected
LP001319,Male,Yes,2,Not Graduate,No,3273,1820,360,1,Urban,8900000, Approved
LP001322,Male,No,0,Graduate,No,4133,0,360,1,Semiurban,6400000, Rejected
LP001325,Male,No,0,Not Graduate,No,3620,0,120,1,Semiurban,2000000, Rejected
LP001326,Male,No,0,Graduate,,6782,0,360,,Urban,1100000, Approved
LP001327,Female,Yes,0,Graduate,No,2484,2302,360,1,Semiurban,15000000, Rejected
LP001333,Male,Yes,0,Graduate,No,1977,997,360,1,Semiurban,25000000, Approved
LP001334,Male,Yes,0,Not Graduate,No,4188,0,180,1,Semiurban,29400000, Approved
LP001343,Male,Yes,0,Graduate,No,1759,3541,360,1,Semiurban,10800000, Rejected
LP001345,Male,Yes,2,Not Graduate,No,4288,3263,180,1,Urban,900000, Rejected
LP001349,Male,No,0,Graduate,No,4843,3806,360,1,Semiurban,1100000, Approved
LP001350,Male,Yes,,Graduate,No,13650,0,360,1,Urban,12900000, Approved
LP001356,Male,Yes,0,Graduate,No,4652,3583,360,1,Semiurban,4500000, Approved
LP001357,Male,,,Graduate,No,3816,754,360,1,Urban,23600000, Rejected
LP001367,Male,Yes,1,Graduate,No,3052,1030,360,1,Urban,9700000, Approved
LP001369,Male,Yes,2,Graduate,No,11417,1126,360,1,Urban,18100000, Approved
LP001370,Male,No,0,Not Graduate,,7333,0,360,1,Rural,10600000, Approved
LP001379,Male,Yes,2,Graduate,No,3800,3600,360,0,Urban,35900000, Approved
LP001384,Male,Yes,3+,Not Graduate,No,2071,754,480,1,Semiurban,6800000, Rejected
LP001385,Male,No,0,Graduate,No,5316,0,360,1,Urban,1100000, Approved
LP001387,Female,Yes,0,Graduate,,2929,2333,360,1,Semiurban,18200000, Rejected
LP001391,Male,Yes,0,Not Graduate,No,3572,4114,,0,Rural,19700000, Rejected
LP001392,Female,No,1,Graduate,Yes,7451,0,360,1,Semiurban,22100000, Approved
LP001398,Male,No,0,Graduate,,5050,0,360,1,Semiurban,23400000, Rejected
LP001401,Male,Yes,1,Graduate,No,14583,0,180,1,Rural,10800000, Approved
LP001404,Female,Yes,0,Graduate,No,3167,2283,360,1,Semiurban,23200000, Rejected
LP001405,Male,Yes,1,Graduate,No,2214,1398,360,,Urban,1600000, Approved
LP001421,Male,Yes,0,Graduate,No,5568,2142,360,1,Rural,15800000, Rejected
LP001422,Female,No,0,Graduate,No,10408,0,360,1,Urban,32900000, Approved
LP001426,Male,Yes,,Graduate,No,5667,2667,360,1,Rural,2300000, Rejected
LP001430,Female,No,0,Graduate,No,4166,0,360,1,Semiurban,3200000, Rejected
LP001431,Female,No,0,Graduate,No,2137,8980,360,0,Semiurban,32900000, Approved
LP001432,Male,Yes,2,Graduate,No,2957,0,360,1,Semiurban,18700000, Approved
LP001439,Male,Yes,0,Not Graduate,No,4300,2014,360,1,Rural,19500000, Approved
LP001443,Female,No,0,Graduate,No,3692,0,360,,Rural,600000, Approved
LP001448,,Yes,3+,Graduate,No,23803,0,360,1,Rural,800000, Approved
LP001449,Male,No,0,Graduate,No,3865,1640,360,1,Rural,18200000, Rejected
LP001451,Male,Yes,1,Graduate,Yes,10513,3850,180,0,Urban,2600000, Rejected
LP001465,Male,Yes,0,Graduate,No,6080,2569,360,,Rural,1200000, Approved
LP001469,Male,No,0,Graduate,Yes,20166,0,480,,Urban,20800000, Approved
LP001473,Male,No,0,Graduate,No,2014,1929,360,1,Urban,22600000, Rejected
LP001478,Male,No,0,Graduate,No,2718,0,360,1,Semiurban,3600000, Rejected
LP001482,Male,Yes,0,Graduate,Yes,3459,0,120,1,Semiurban,13900000, Rejected
LP001487,Male,No,0,Graduate,No,4895,0,360,1,Semiurban,5500000, Approved
LP001488,Male,Yes,3+,Graduate,No,4000,7750,360,1,Semiurban,5500000, Rejected
LP001489,Female,Yes,0,Graduate,No,4583,0,360,1,Rural,16700000, Approved
LP001491,Male,Yes,2,Graduate,Yes,3316,3500,360,1,Urban,6700000, Rejected
LP001492,Male,No,0,Graduate,No,14999,0,360,0,Semiurban,8500000, Approved
LP001493,Male,Yes,2,Not Graduate,No,4200,1430,360,1,Rural,700000, Rejected
LP001497,Male,Yes,2,Graduate,No,5042,2083,360,1,Rural,9400000, Approved
LP001498,Male,No,0,Graduate,No,5417,0,360,1,Urban,7500000, Approved
LP001504,Male,No,0,Graduate,Yes,6950,0,180,1,Semiurban,16700000, Approved
LP001507,Male,Yes,0,Graduate,No,2698,2034,360,1,Semiurban,17400000, Rejected
LP001508,Male,Yes,2,Graduate,No,11757,0,180,1,Urban,32100000, Approved
LP001514,Female,Yes,0,Graduate,No,2330,4486,360,1,Semiurban,1500000, Rejected
LP001516,Female,Yes,2,Graduate,No,14866,0,360,1,Urban,3200000, Approved
LP001518,Male,Yes,1,Graduate,No,1538,1425,360,1,Urban,11100000, Approved
LP001519,Female,No,0,Graduate,No,10000,1666,360,1,Rural,11900000, Approved
LP001520,Male,Yes,0,Graduate,No,4860,830,360,1,Semiurban,6200000, Rejected
LP001528,Male,No,0,Graduate,No,6277,0,360,0,Rural,19300000, Rejected
LP001529,Male,Yes,0,Graduate,Yes,2577,3750,360,1,Rural,28800000, Approved
LP001531,Male,No,0,Graduate,No,9166,0,360,1,Urban,20600000, Approved
LP001532,Male,Yes,2,Not Graduate,No,2281,0,360,1,Rural,4500000, Rejected
LP001535,Male,No,0,Graduate,No,3254,0,360,1,Urban,35000000, Rejected
LP001536,Male,Yes,3+,Graduate,No,39999,0,180,0,Semiurban,11200000, Approved
LP001541,Male,Yes,1,Graduate,No,6000,0,360,,Rural,7700000, Approved
LP001543,Male,Yes,1,Graduate,No,9538,0,360,1,Urban,33300000, Rejected
LP001546,Male,No,0,Graduate,,2980,2083,360,1,Rural,1300000, Approved
LP001552,Male,Yes,0,Graduate,No,4583,5625,360,1,Semiurban,10600000, Rejected
LP001560,Male,Yes,0,Not Graduate,No,1863,1041,360,1,Semiurban,9600000, Approved
LP001562,Male,Yes,0,Graduate,No,7933,0,360,1,Urban,15100000, Approved
LP001565,Male,Yes,1,Graduate,No,3089,1280,360,0,Semiurban,20600000, Rejected
LP001570,Male,Yes,2,Graduate,No,4167,1447,360,1,Rural,5300000, Approved
LP001572,Male,Yes,0,Graduate,No,9323,0,180,1,Urban,22300000, Approved
LP001574,Male,Yes,0,Graduate,No,3707,3166,,1,Rural,15900000, Approved
LP001577,Female,Yes,0,Graduate,No,4583,0,360,1,Rural,12800000, Approved
LP001578,Male,Yes,0,Graduate,No,2439,3333,360,1,Rural,6500000, Rejected
LP001579,Male,No,0,Graduate,No,2237,0,480,0,Semiurban,35200000, Rejected
LP001580,Male,Yes,2,Graduate,No,8000,0,360,1,Semiurban,17500000, Approved
LP001581,Male,Yes,0,Not Graduate,,1820,1769,360,1,Rural,10500000, Approved
LP001585,,Yes,3+,Graduate,No,51763,0,300,1,Urban,4100000, Approved
LP001586,Male,Yes,3+,Not Graduate,No,3522,0,180,1,Rural,9500000, Approved
LP001594,Male,Yes,0,Graduate,No,5708,5625,360,1,Semiurban,28200000, Rejected
LP001603,Male,Yes,0,Not Graduate,Yes,4344,736,360,1,Semiurban,14300000, Rejected
LP001606,Male,Yes,0,Graduate,No,3497,1964,360,1,Rural,5300000, Approved
LP001608,Male,Yes,2,Graduate,No,2045,1619,360,1,Rural,27200000, Approved
LP001610,Male,Yes,3+,Graduate,No,5516,11300,360,0,Semiurban,8600000, Rejected
LP001616,Male,Yes,1,Graduate,No,3750,0,360,1,Semiurban,13300000, Approved
LP001630,Male,No,0,Not Graduate,No,2333,1451,480,0,Urban,13900000, Rejected
LP001633,Male,Yes,1,Graduate,No,6400,7250,360,0,Urban,17900000, Approved
LP001634,Male,No,0,Graduate,No,1916,5063,360,,Rural,2200000, Approved
LP001636,Male,Yes,0,Graduate,No,4600,0,180,1,Semiurban,9900000, Approved
LP001637,Male,Yes,1,Graduate,No,33846,0,360,1,Semiurban,23100000, Approved
LP001639,Female,Yes,0,Graduate,No,3625,0,360,1,Semiurban,3100000, Approved
LP001640,Male,Yes,0,Graduate,Yes,39147,4750,360,1,Semiurban,10900000, Approved
LP001641,Male,Yes,1,Graduate,Yes,2178,0,300,0,Rural,5000000, Approved
LP001643,Male,Yes,0,Graduate,No,2383,2138,360,,Rural,30400000, Approved
LP001644,,Yes,0,Graduate,Yes,674,5296,360,1,Rural,23300000, Approved
LP001647,Male,Yes,0,Graduate,No,9328,0,180,1,Rural,19800000, Rejected
LP001653,Male,No,0,Not Graduate,No,4885,0,360,1,Rural,28200000, Rejected
LP001656,Male,No,0,Graduate,No,12000,0,360,1,Semiurban,6500000, Approved
LP001657,Male,Yes,0,Not Graduate,No,6033,0,360,1,Urban,2900000, Approved
LP001658,Male,No,0,Graduate,No,3858,0,360,1,Semiurban,13200000, Approved
LP001664,Male,No,0,Graduate,No,4191,0,360,1,Rural,18300000, Approved
LP001665,Male,Yes,1,Graduate,No,3125,2583,360,1,Semiurban,27100000, Rejected
LP001666,Male,No,0,Graduate,No,8333,3750,360,1,Rural,1500000, Approved
LP001669,Female,No,0,Not Graduate,No,1907,2365,,1,Urban,6000000, Approved
LP001671,Female,Yes,0,Graduate,No,3416,2816,360,,Semiurban,28900000, Rejected
LP001673,Male,No,0,Graduate,Yes,11000,0,360,1,Urban,16400000, Rejected
LP001674,Male,Yes,1,Not Graduate,No,2600,2500,360,1,Semiurban,21200000, Rejected
LP001677,Male,No,2,Graduate,No,4923,0,360,0,Semiurban,8900000, Rejected
LP001682,Male,Yes,3+,Not Graduate,No,3992,0,180,1,Urban,1500000, Approved
LP001688,Male,Yes,1,Not Graduate,No,3500,1083,360,1,Urban,15600000, Rejected
LP001691,Male,Yes,2,Not Graduate,No,3917,0,360,1,Semiurban,30100000, Approved
LP001692,Female,No,0,Not Graduate,No,4408,0,360,1,Semiurban,6500000, Approved
LP001693,Female,No,0,Graduate,No,3244,0,360,1,Urban,20900000, Approved
LP001698,Male,No,0,Not Graduate,No,3975,2531,360,1,Rural,15400000, Approved
LP001699,Male,No,0,Graduate,No,2479,0,360,1,Urban,19100000, Rejected
LP001702,Male,No,0,Graduate,No,3418,0,360,1,Semiurban,3300000, Approved
LP001708,Female,No,0,Graduate,No,10000,0,360,1,Semiurban,15900000, Approved
LP001711,Male,Yes,3+,Graduate,No,3430,1250,360,0,Semiurban,6000000, Rejected
LP001713,Male,Yes,1,Graduate,Yes,7787,0,360,1,Urban,32700000, Rejected
LP001715,Male,Yes,3+,Not Graduate,Yes,5703,0,360,1,Rural,7500000, Approved
LP001716,Male,Yes,0,Graduate,No,3173,3021,360,1,Urban,15200000, Approved
LP001720,Male,Yes,3+,Not Graduate,No,3850,983,360,1,Semiurban,16400000, Approved
LP001722,Male,Yes,0,Graduate,No,150,1800,360,1,Rural,7800000, Approved
LP001726,Male,Yes,0,Graduate,No,3727,1775,360,1,Semiurban,21100000, Approved
LP001732,Male,Yes,2,Graduate,,5000,0,360,0,Semiurban,17000000, Approved
LP001734,Female,Yes,2,Graduate,No,4283,2383,360,,Semiurban,11300000, Rejected
LP001736,Male,Yes,0,Graduate,No,2221,0,360,0,Urban,10400000, Approved
LP001743,Male,Yes,2,Graduate,No,4009,1717,360,1,Semiurban,21200000, Approved
LP001744,Male,No,0,Graduate,No,2971,2791,360,1,Semiurban,12400000, Rejected
LP001749,Male,Yes,0,Graduate,No,7578,1010,,1,Semiurban,11000000, Rejected
LP001750,Male,Yes,0,Graduate,No,6250,0,360,1,Semiurban,1700000, Approved
LP001751,Male,Yes,0,Graduate,No,3250,0,360,1,Rural,15600000, Rejected
LP001754,Male,Yes,,Not Graduate,Yes,4735,0,360,1,Urban,20600000, Approved
LP001758,Male,Yes,2,Graduate,No,6250,1695,360,1,Semiurban,19100000, Approved
LP001760,Male,,,Graduate,No,4758,0,480,1,Semiurban,27000000, Approved
LP001761,Male,No,0,Graduate,Yes,6400,0,360,1,Rural,3500000, Rejected
LP001765,Male,Yes,1,Graduate,No,2491,2054,360,1,Semiurban,10900000, Approved
LP001768,Male,Yes,0,Graduate,,3716,0,180,1,Rural,32400000, Approved
LP001770,Male,No,0,Not Graduate,No,3189,2598,,1,Rural,6800000, Approved
LP001776,Female,No,0,Graduate,No,8333,0,360,1,Semiurban,34600000, Rejected
LP001778,Male,Yes,1,Graduate,No,3155,1779,360,1,Semiurban,7800000, Approved
LP001784,Male,Yes,1,Graduate,No,5500,1260,360,1,Rural,23400000, Approved
LP001786,Male,Yes,0,Graduate,,5746,0,360,,Urban,3500000, Rejected
LP001788,Female,No,0,Graduate,Yes,3463,0,360,,Urban,15500000, Approved
LP001790,Female,No,1,Graduate,No,3812,0,360,1,Rural,17500000, Approved
LP001792,Male,Yes,1,Graduate,No,3315,0,360,1,Semiurban,11600000, Rejected
LP001798,Male,Yes,2,Graduate,No,5819,5000,360,1,Rural,22500000, Approved
LP001800,Male,Yes,1,Not Graduate,No,2510,1983,180,1,Urban,16200000, Rejected
LP001806,Male,No,0,Graduate,No,2965,5701,60,1,Urban,12900000, Approved
LP001807,Male,Yes,2,Graduate,Yes,6250,1300,360,1,Rural,32400000, Approved
LP001811,Male,Yes,0,Not Graduate,No,3406,4417,360,1,Semiurban,5100000, Approved
LP001813,Male,No,0,Graduate,Yes,6050,4333,180,1,Urban,28100000, Approved
LP001814,Male,Yes,2,Graduate,No,9703,0,360,1,Urban,29300000, Approved
LP001819,Male,Yes,1,Not Graduate,No,6608,0,180,1,Urban,27000000, Rejected
LP001824,Male,Yes,1,Graduate,No,2882,1843,480,1,Semiurban,20600000, Rejected
LP001825,Male,Yes,0,Graduate,No,1809,1868,360,1,Urban,5000000, Approved
LP001835,Male,Yes,0,Not Graduate,No,1668,3890,360,0,Semiurban,16400000, Rejected
LP001836,Female,No,2,Graduate,No,3427,0,360,1,Urban,9100000, Approved
LP001841,Male,No,0,Not Graduate,Yes,2583,2167,360,1,Rural,8500000, Approved
LP001843,Male,Yes,1,Not Graduate,No,2661,7101,180,1,Semiurban,30900000, Approved
LP001844,Male,No,0,Graduate,Yes,16250,0,360,0,Urban,4700000, Rejected
LP001846,Female,No,3+,Graduate,No,3083,0,360,1,Rural,2400000, Rejected
LP001849,Male,No,0,Not Graduate,No,6045,0,360,0,Rural,35400000, Approved
LP001854,Male,Yes,3+,Graduate,No,5250,0,360,1,Urban,20000000, Rejected
LP001859,Male,Yes,0,Graduate,No,14683,2100,360,1,Rural,38800000, Approved
LP001864,Male,Yes,3+,Not Graduate,No,4931,0,360,,Semiurban,1100000, Approved
LP001865,Male,Yes,1,Graduate,No,6083,4250,360,,Urban,8100000, Approved
LP001868,Male,No,0,Graduate,No,2060,2209,360,1,Semiurban,19600000, Approved
LP001870,Female,No,1,Graduate,No,3481,0,36,1,Semiurban,34300000, Rejected
LP001871,Female,No,0,Graduate,No,7200,0,360,1,Rural,22200000, Rejected
LP001872,Male,No,0,Graduate,Yes,5166,0,360,1,Semiurban,14400000, Approved
LP001875,Male,No,0,Graduate,No,4095,3447,360,1,Rural,19400000, Approved
LP001877,Male,Yes,2,Graduate,No,4708,1387,360,1,Semiurban,7400000, Approved
LP001882,Male,Yes,3+,Graduate,No,4333,1811,360,0,Urban,20900000, Approved
LP001883,Female,No,0,Graduate,,3418,0,360,1,Rural,16800000, Approved
LP001884,Female,No,1,Graduate,No,2876,1560,360,1,Urban,9400000, Approved
LP001888,Female,No,0,Graduate,No,3237,0,360,1,Urban,12200000, Rejected
LP001891,Male,Yes,0,Graduate,No,11146,0,360,1,Urban,27900000, Approved
LP001892,Male,No,0,Graduate,No,2833,1857,360,1,Rural,20400000, Rejected
LP001894,Male,Yes,0,Graduate,No,2620,2223,360,1,Semiurban,16700000, Rejected
LP001896,Male,Yes,2,Graduate,No,3900,0,360,1,Semiurban,4900000, Approved
LP001900,Male,Yes,1,Graduate,No,2750,1842,360,1,Semiurban,23000000, Approved
LP001903,Male,Yes,0,Graduate,No,3993,3274,360,1,Semiurban,4000000, Approved
LP001904,Male,Yes,0,Graduate,No,3103,1300,360,1,Urban,4900000, Approved
LP001907,Male,Yes,0,Graduate,No,14583,0,360,1,Semiurban,4700000, Approved
LP001908,Female,Yes,0,Not Graduate,No,4100,0,360,,Rural,15500000, Rejected
LP001910,Male,No,1,Not Graduate,Yes,4053,2426,360,0,Urban,3600000, Approved
LP001914,Male,Yes,0,Graduate,No,3927,800,360,1,Semiurban,22500000, Rejected
LP001915,Male,Yes,2,Graduate,No,2301,985.7999878,180,1,Urban,7800000, Rejected
LP001917,Female,No,0,Graduate,No,1811,1666,360,1,Urban,19900000, Rejected
LP001922,Male,Yes,0,Graduate,No,20667,0,360,1,Rural,1800000, Rejected
LP001924,Male,No,0,Graduate,No,3158,3053,360,1,Rural,14000000, Rejected
LP001925,Female,No,0,Graduate,Yes,2600,1717,300,1,Semiurban,11800000, Approved
LP001926,Male,Yes,0,Graduate,No,3704,2000,360,1,Rural,13900000, Rejected
LP001931,Female,No,0,Graduate,No,4124,0,360,1,Semiurban,11300000, Approved
LP001935,Male,No,0,Graduate,No,9508,0,360,1,Rural,25500000, Rejected
LP001936,Male,Yes,0,Graduate,No,3075,2416,360,1,Rural,9300000, Rejected
LP001938,Male,Yes,2,Graduate,No,4400,0,360,0,Semiurban,19500000, Rejected
LP001940,Male,Yes,2,Graduate,No,3153,1560,360,1,Urban,10700000, Rejected
LP001945,Female,No,,Graduate,No,5417,0,480,0,Urban,7600000, Rejected
LP001947,Male,Yes,0,Graduate,No,2383,3334,360,1,Semiurban,20200000, Rejected
LP001949,Male,Yes,3+,Graduate,,4416,1250,360,1,Urban,1000000, Rejected
LP001953,Male,Yes,1,Graduate,No,6875,0,360,1,Semiurban,28900000, Rejected
LP001954,Female,Yes,1,Graduate,No,4666,0,360,1,Urban,12000000, Rejected
LP001955,Female,No,0,Graduate,No,5000,2541,480,1,Rural,2600000, Approved
LP001963,Male,Yes,1,Graduate,No,2014,2925,360,1,Urban,27100000, Approved
LP001964,Male,Yes,0,Not Graduate,No,1800,2934,360,0,Urban,38200000, Approved
LP001972,Male,Yes,,Not Graduate,No,2875,1750,360,1,Semiurban,6600000, Rejected
LP001974,Female,No,0,Graduate,No,5000,0,360,1,Rural,6700000, Approved
LP001977,Male,Yes,1,Graduate,No,1625,1803,360,1,Urban,12900000, Approved
LP001978,Male,No,0,Graduate,No,4000,2500,360,1,Rural,23600000, Approved
LP001990,Male,No,0,Not Graduate,No,2000,0,360,1,Urban,18200000, Approved
LP001993,Female,No,0,Graduate,No,3762,1666,360,1,Rural,29300000, Approved
LP001994,Female,No,0,Graduate,No,2400,1863,360,0,Urban,4100000, Rejected
LP001996,Male,No,0,Graduate,No,20233,0,360,1,Rural,19900000, Rejected
LP001998,Male,Yes,2,Not Graduate,No,7667,0,360,,Rural,33200000, Rejected
LP002002,Female,No,0,Graduate,No,2917,0,360,1,Semiurban,24400000, Approved
LP002004,Male,No,0,Not Graduate,No,2927,2405,360,1,Semiurban,16800000, Rejected
LP002006,Female,No,0,Graduate,No,2507,0,360,1,Rural,5100000, Approved
LP002008,Male,Yes,2,Graduate,Yes,5746,0,84,,Rural,14100000, Approved
LP002024,,Yes,0,Graduate,No,2473,1843,360,1,Rural,28700000, Approved
LP002031,Male,Yes,1,Not Graduate,No,3399,1640,180,1,Urban,14600000, Approved
LP002035,Male,Yes,2,Graduate,No,3717,0,360,1,Semiurban,4900000, Approved
LP002036,Male,Yes,0,Graduate,No,2058,2134,360,,Urban,10800000, Approved
LP002043,Female,No,1,Graduate,No,3541,0,360,,Semiurban,13200000, Approved
LP002050,Male,Yes,1,Graduate,Yes,10000,0,360,1,Rural,7800000, Rejected
LP002051,Male,Yes,0,Graduate,No,2400,2167,360,1,Semiurban,19600000, Approved
LP002053,Male,Yes,3+,Graduate,No,4342,189,360,1,Semiurban,23500000, Approved
LP002054,Male,Yes,2,Not Graduate,No,3601,1590,360,1,Rural,17100000, Approved
LP002055,Female,No,0,Graduate,No,3166,2985,360,,Rural,24200000, Approved
LP002065,Male,Yes,3+,Graduate,No,15000,0,360,1,Rural,16400000, Approved
LP002067,Male,Yes,1,Graduate,Yes,8666,4983,360,0,Rural,5700000, Approved
LP002068,Male,No,0,Graduate,No,4917,0,360,0,Rural,11300000, Rejected
LP002082,Male,Yes,0,Graduate,Yes,5818,2160,360,1,Semiurban,28800000, Rejected
LP002086,Female,Yes,0,Graduate,No,4333,2451,360,1,Urban,3200000, Approved
LP002087,Female,No,0,Graduate,No,2500,0,360,1,Urban,600000, Rejected
LP002097,Male,No,1,Graduate,No,4384,1793,360,1,Urban,10600000, Rejected
LP002098,Male,No,0,Graduate,No,2935,0,360,1,Semiurban,20600000, Rejected
LP002100,Male,No,,Graduate,No,2833,0,360,1,Urban,18400000, Approved
LP002101,Male,Yes,0,Graduate,,63337,0,180,1,Urban,7000000, Rejected
LP002103,,Yes,1,Graduate,Yes,9833,1833,180,1,Urban,8600000, Rejected
LP002106,Male,Yes,,Graduate,Yes,5503,4490,,1,Semiurban,20000000, Approved
LP002110,Male,Yes,1,Graduate,,5250,688,360,1,Rural,18300000, Approved
LP002112,Male,Yes,2,Graduate,Yes,2500,4600,360,1,Rural,10100000, Rejected
LP002113,Female,No,3+,Not Graduate,No,1830,0,360,0,Urban,16900000, Approved
LP002114,Female,No,0,Graduate,No,4160,0,360,1,Semiurban,9400000, Approved
LP002115,Male,Yes,3+,Not Graduate,No,2647,1587,360,1,Rural,23500000, Rejected
LP002116,Female,No,0,Graduate,No,2378,0,360,1,Rural,21000000, Rejected
LP002119,Male,Yes,1,Not Graduate,No,4554,1229,360,1,Urban,30100000, Approved
LP002126,Male,Yes,3+,Not Graduate,No,3173,0,360,1,Semiurban,12600000, Rejected
LP002128,Male,Yes,2,Graduate,,2583,2330,360,1,Rural,5100000, Approved
LP002129,Male,Yes,0,Graduate,No,2499,2458,360,1,Semiurban,16800000, Rejected
LP002130,Male,Yes,,Not Graduate,No,3523,3230,360,0,Rural,28000000, Rejected
LP002131,Male,Yes,2,Not Graduate,No,3083,2168,360,1,Urban,23500000, Approved
LP002137,Male,Yes,0,Graduate,No,6333,4583,360,,Semiurban,7000000, Rejected
LP002138,Male,Yes,0,Graduate,No,2625,6250,360,1,Rural,13300000, Approved
LP002139,Male,Yes,0,Graduate,No,9083,0,360,1,Semiurban,15800000, Rejected
LP002140,Male,No,0,Graduate,No,8750,4167,360,1,Rural,28700000, Approved
LP002141,Male,Yes,3+,Graduate,No,2666,2083,360,1,Rural,9700000, Approved
LP002142,Female,Yes,0,Graduate,Yes,5500,0,360,0,Rural,7000000, Approved
LP002143,Female,Yes,0,Graduate,No,2423,505,360,1,Semiurban,17200000, Rejected
LP002144,Female,No,,Graduate,No,3813,0,180,1,Urban,24100000, Approved
LP002149,Male,Yes,2,Graduate,No,8333,3167,360,1,Rural,9800000, Approved
LP002151,Male,Yes,1,Graduate,No,3875,0,360,1,Urban,26300000, Approved
LP002158,Male,Yes,0,Not Graduate,No,3000,1666,480,0,Urban,20800000, Rejected
LP002160,Male,Yes,3+,Graduate,No,5167,3167,360,1,Semiurban,9500000, Approved
LP002161,Female,No,1,Graduate,No,4723,0,360,1,Semiurban,38400000, Approved
LP002170,Male,Yes,2,Graduate,No,5000,3667,360,1,Semiurban,14100000, Approved
LP002175,Male,Yes,0,Graduate,No,4750,2333,360,1,Urban,32200000, Rejected
LP002178,Male,Yes,0,Graduate,No,3013,3033,300,,Urban,26900000, Approved
LP002180,Male,No,0,Graduate,Yes,6822,0,360,1,Rural,28000000, Rejected
LP002181,Male,No,0,Not Graduate,No,6216,0,360,1,Rural,21900000, Approved
LP002187,Male,No,0,Graduate,No,2500,0,480,1,Semiurban,12500000, Approved
LP002188,Male,No,0,Graduate,No,5124,0,,0,Rural,29800000, Rejected
LP002190,Male,Yes,1,Graduate,No,6325,0,360,1,Semiurban,4000000, Approved
LP002191,Male,Yes,0,Graduate,No,19730,5266,360,1,Rural,2300000, Approved
LP002194,Female,No,0,Graduate,Yes,15759,0,360,1,Semiurban,7700000, Approved
LP002197,Male,Yes,2,Graduate,No,5185,0,360,1,Semiurban,3200000, Approved
LP002201,Male,Yes,2,Graduate,Yes,9323,7873,300,1,Rural,2300000, Approved
LP002205,Male,No,1,Graduate,No,3062,1987,180,0,Urban,25500000, Approved
LP002209,Female,No,0,Graduate,,2764,1459,360,1,Urban,12800000, Approved
LP002211,Male,Yes,0,Graduate,No,4817,923,180,1,Urban,5000000, Approved
LP002219,Male,Yes,3+,Graduate,No,8750,4996,360,1,Rural,16800000, Approved
LP002223,Male,Yes,0,Graduate,No,4310,0,360,,Semiurban,23500000, Rejected
LP002224,Male,No,0,Graduate,No,3069,0,480,1,Urban,17600000, Rejected
LP002225,Male,Yes,2,Graduate,No,5391,0,360,1,Urban,1800000, Approved
LP002226,Male,Yes,0,Graduate,,3333,2500,360,1,Semiurban,32100000, Approved
LP002229,Male,No,0,Graduate,No,5941,4232,360,1,Semiurban,17900000, Approved
LP002231,Female,No,0,Graduate,No,6000,0,360,1,Urban,29000000, Approved
LP002234,Male,No,0,Graduate,Yes,7167,0,360,1,Urban,7400000, Approved
LP002236,Male,Yes,2,Graduate,No,4566,0,360,1,Urban,1300000, Approved
LP002237,Male,No,1,Graduate,,3667,0,180,1,Urban,10800000, Approved
LP002239,Male,No,0,Not Graduate,No,2346,1600,360,1,Semiurban,35300000, Rejected
LP002243,Male,Yes,0,Not Graduate,No,3010,3136,360,0,Urban,6600000, Rejected
LP002244,Male,Yes,0,Graduate,No,2333,2417,360,1,Urban,14500000, Rejected
LP002250,Male,Yes,0,Graduate,No,5488,0,360,1,Rural,22400000, Approved
LP002255,Male,No,3+,Graduate,No,9167,0,360,1,Rural,19800000, Approved
LP002262,Male,Yes,3+,Graduate,No,9504,0,360,1,Rural,8700000, Approved
LP002263,Male,Yes,0,Graduate,No,2583,2115,360,,Urban,6300000, Approved
LP002265,Male,Yes,2,Not Graduate,No,1993,1625,180,1,Semiurban,5200000, Approved
LP002266,Male,Yes,2,Graduate,No,3100,1400,360,1,Urban,8200000, Approved
LP002272,Male,Yes,2,Graduate,No,3276,484,360,,Semiurban,3200000, Rejected
LP002277,Female,No,0,Graduate,No,3180,0,360,0,Urban,1700000, Approved
LP002281,Male,Yes,0,Graduate,No,3033,1459,360,1,Urban,2700000, Approved
LP002284,Male,No,0,Not Graduate,No,3902,1666,360,1,Rural,25900000, Approved
LP002287,Female,No,0,Graduate,No,1500,1800,360,0,Semiurban,21500000, Approved
LP002288,Male,Yes,2,Not Graduate,No,2889,0,180,0,Urban,15700000, Rejected
LP002296,Male,No,0,Not Graduate,No,2755,0,300,1,Rural,7300000, Rejected
LP002297,Male,No,0,Graduate,No,2500,20000,360,1,Semiurban,15200000, Approved
LP002300,Female,No,0,Not Graduate,No,1963,0,360,1,Semiurban,700000, Approved
LP002301,Female,No,0,Graduate,Yes,7441,0,360,1,Rural,1000000, Rejected
LP002305,Female,No,0,Graduate,No,4547,0,360,1,Semiurban,5700000, Approved
LP002308,Male,Yes,0,Not Graduate,No,2167,2400,360,1,Urban,29400000, Rejected
LP002314,Female,No,0,Not Graduate,No,2213,0,360,1,Rural,3300000, Approved
LP002315,Male,Yes,1,Graduate,No,8300,0,300,0,Semiurban,28300000, Rejected
LP002317,Male,Yes,3+,Graduate,No,81000,0,360,0,Rural,11800000, Approved
LP002318,Female,No,1,Not Graduate,Yes,3867,0,360,1,Semiurban,18900000, Rejected
LP002319,Male,Yes,0,Graduate,,6256,0,360,,Urban,7200000, Approved
LP002328,Male,Yes,0,Not Graduate,No,6096,0,360,0,Rural,18800000, Approved
LP002332,Male,Yes,0,Not Graduate,No,2253,2033,360,1,Rural,8400000, Approved
LP002335,Female,Yes,0,Not Graduate,No,2149,3237,360,0,Semiurban,2100000, Approved
LP002337,Female,No,0,Graduate,No,2995,0,360,1,Urban,4600000, Rejected
LP002341,Female,No,1,Graduate,No,2600,0,360,1,Urban,23300000, Rejected
LP002342,Male,Yes,2,Graduate,Yes,1600,20000,360,1,Urban,7700000, Rejected
LP002345,Male,Yes,0,Graduate,No,1025,2773,360,1,Rural,9300000, Approved
LP002347,Male,Yes,0,Graduate,No,3246,1417,360,1,Semiurban,3500000, Approved
LP002348,Male,Yes,0,Graduate,No,5829,0,360,1,Rural,5400000, Approved
LP002357,Female,No,0,Not Graduate,No,2720,0,,0,Urban,14500000, Approved
LP002361,Male,Yes,0,Graduate,No,1820,1719,360,1,Urban,18400000, Rejected
LP002362,Male,Yes,1,Graduate,No,7250,1667,,0,Urban,11900000, Approved
LP002364,Male,Yes,0,Graduate,No,14880,0,360,1,Semiurban,15300000, Approved
LP002366,Male,Yes,0,Graduate,No,2666,4300,360,1,Rural,2800000, Rejected
LP002367,Female,No,1,Not Graduate,No,4606,0,360,1,Rural,14800000, Rejected
LP002368,Male,Yes,2,Graduate,No,5935,0,360,1,Semiurban,3600000, Approved
LP002369,Male,Yes,0,Graduate,No,2920,16.12000084,360,1,Rural,900000, Approved
LP002370,Male,No,0,Not Graduate,No,2717,0,180,1,Urban,36400000, Approved
LP002377,Female,No,1,Graduate,Yes,8624,0,360,1,Semiurban,27500000, Rejected
LP002379,Male,No,0,Graduate,No,6500,0,360,0,Rural,3500000, Approved
LP002386,Male,No,0,Graduate,,12876,0,360,1,Semiurban,18700000, Approved
LP002387,Male,Yes,0,Graduate,No,2425,2340,360,1,Semiurban,21500000, Approved
LP002390,Male,No,0,Graduate,No,3750,0,360,1,Urban,18100000, Approved
LP002393,Female,,,Graduate,No,10047,0,240,1,Semiurban,20800000, Approved
LP002398,Male,No,0,Graduate,No,1926,1851,360,1,Semiurban,5700000, Approved
LP002401,Male,Yes,0,Graduate,No,2213,1125,360,1,Urban,11400000, Rejected
LP002403,Male,No,0,Graduate,Yes,10416,0,360,0,Urban,18500000, Approved
LP002407,Female,Yes,0,Not Graduate,Yes,7142,0,360,1,Rural,20600000, Approved
LP002408,Male,No,0,Graduate,No,3660,5064,360,1,Semiurban,16700000, Approved
LP002409,Male,Yes,0,Graduate,No,7901,1833,360,1,Rural,32400000, Approved
LP002418,Male,No,3+,Not Graduate,No,4707,1993,360,1,Semiurban,26700000, Approved
LP002422,Male,No,1,Graduate,No,37719,0,360,1,Semiurban,16700000, Approved
LP002424,Male,Yes,0,Graduate,No,7333,8333,300,,Rural,10300000, Rejected
LP002429,Male,Yes,1,Graduate,Yes,3466,1210,360,1,Rural,1700000, Approved
LP002434,Male,Yes,2,Not Graduate,No,4652,0,360,1,Rural,5100000, Approved
LP002435,Male,Yes,0,Graduate,,3539,1376,360,1,Rural,27900000, Rejected
LP002443,Male,Yes,2,Graduate,No,3340,1710,360,0,Rural,15700000, Approved
LP002444,Male,No,1,Not Graduate,Yes,2769,1542,360,,Semiurban,5800000, Rejected
LP002446,Male,Yes,2,Not Graduate,No,2309,1255,360,0,Rural,29000000, Approved
LP002447,Male,Yes,2,Not Graduate,No,1958,1456,300,,Urban,900000, Approved
LP002448,Male,Yes,0,Graduate,No,3948,1733,360,0,Rural,1700000, Rejected
LP002449,Male,Yes,0,Graduate,No,2483,2466,180,0,Rural,27000000, Approved
LP002453,Male,No,0,Graduate,Yes,7085,0,360,1,Semiurban,4700000, Approved
LP002455,Male,Yes,2,Graduate,No,3859,0,360,1,Semiurban,12400000, Approved
LP002459,Male,Yes,0,Graduate,No,4301,0,360,1,Urban,21500000, Approved
LP002467,Male,Yes,0,Graduate,No,3708,2569,360,1,Urban,17500000, Approved
LP002472,Male,No,2,Graduate,No,4354,0,360,1,Rural,20900000, Approved
LP002473,Male,Yes,0,Graduate,No,8334,0,360,1,Semiurban,12500000, Rejected
LP002478,,Yes,0,Graduate,Yes,2083,4083,360,,Semiurban,21400000, Rejected
LP002484,Male,Yes,3+,Graduate,No,7740,0,180,1,Urban,2500000, Approved
LP002487,Male,Yes,0,Graduate,No,3015,2188,360,1,Rural,14700000, Approved
LP002489,Female,No,1,Not Graduate,,5191,0,360,1,Semiurban,10500000, Approved
LP002493,Male,No,0,Graduate,No,4166,0,360,0,Semiurban,20900000, Rejected
LP002494,Male,No,0,Graduate,No,6000,0,360,1,Rural,17300000, Approved
LP002500,Male,Yes,3+,Not Graduate,No,2947,1664,180,0,Urban,1800000, Rejected
LP002501,,Yes,0,Graduate,No,16692,0,360,1,Semiurban,1100000, Approved
LP002502,Female,Yes,2,Not Graduate,,210,2917,360,1,Semiurban,16900000, Rejected
LP002505,Male,Yes,0,Graduate,No,4333,2451,360,1,Urban,900000, Rejected
LP002515,Male,Yes,1,Graduate,Yes,3450,2079,360,1,Semiurban,22100000, Rejected
LP002517,Male,Yes,1,Not Graduate,No,2653,1500,180,0,Rural,11400000, Approved
LP002519,Male,Yes,3+,Graduate,No,4691,0,360,1,Semiurban,28600000, Approved
LP002522,Female,No,0,Graduate,Yes,2500,0,360,,Urban,23500000, Rejected
LP002524,Male,No,2,Graduate,No,5532,4648,360,1,Rural,31500000, Approved
LP002527,Male,Yes,2,Graduate,Yes,16525,1014,360,1,Rural,7800000, Approved
LP002529,Male,Yes,2,Graduate,No,6700,1750,300,1,Semiurban,13500000, Rejected
LP002530,,Yes,2,Graduate,No,2873,1872,360,0,Semiurban,31900000, Rejected
LP002531,Male,Yes,1,Graduate,Yes,16667,2250,360,1,Semiurban,8600000, Approved
LP002533,Male,Yes,2,Graduate,No,2947,1603,360,1,Urban,2700000, Approved
LP002534,Female,No,0,Not Graduate,No,4350,0,360,1,Rural,30700000, Rejected
LP002536,Male,Yes,3+,Not Graduate,No,3095,0,360,1,Rural,15000000, Approved
LP002537,Male,Yes,0,Graduate,No,2083,3150,360,1,Semiurban,24900000, Rejected
LP002541,Male,Yes,0,Graduate,No,10833,0,360,1,Semiurban,8800000, Rejected
LP002543,Male,Yes,2,Graduate,No,8333,0,360,1,Semiurban,14400000, Approved
LP002544,Male,Yes,1,Not Graduate,No,1958,2436,360,1,Rural,4900000, Approved
LP002545,Male,No,2,Graduate,No,3547,0,360,0,Rural,6200000, Approved
LP002547,Male,Yes,1,Graduate,No,18333,0,360,1,Urban,14800000, Approved
LP002555,Male,Yes,2,Graduate,Yes,4583,2083,360,1,Semiurban,5300000, Rejected
LP002556,Male,No,0,Graduate,No,2435,0,360,1,Urban,16800000, Rejected
LP002560,Male,No,0,Not Graduate,No,2699,2785,360,,Semiurban,8500000, Approved
LP002562,Male,Yes,1,Not Graduate,No,5333,1131,360,,Urban,3500000, Approved
LP002571,Male,No,0,Not Graduate,No,3691,0,360,1,Rural,28800000, Approved
LP002582,Female,No,0,Not Graduate,Yes,17263,0,360,1,Semiurban,1100000, Rejected
LP002585,Male,Yes,0,Graduate,No,3597,2157,360,0,Rural,5700000, Rejected
LP002586,Female,Yes,1,Graduate,No,3326,913,84,1,Semiurban,5400000, Approved
LP002587,Male,Yes,0,Not Graduate,No,2600,1700,360,1,Rural,30300000, Approved
LP002588,Male,Yes,0,Graduate,No,4625,2857,12,,Urban,24800000, Rejected
LP002600,Male,Yes,1,Graduate,Yes,2895,0,360,1,Semiurban,15500000, Rejected
LP002602,Male,No,0,Graduate,No,6283,4416,360,0,Rural,24700000, Approved
LP002603,Female,No,0,Graduate,No,645,3683,480,1,Rural,700000, Approved
LP002606,Female,No,0,Graduate,No,3159,0,360,1,Semiurban,12500000, Rejected
LP002615,Male,Yes,2,Graduate,No,4865,5624,360,1,Semiurban,14300000, Approved
LP002618,Male,Yes,1,Not Graduate,No,4050,5302,360,,Rural,7000000, Approved
LP002619,Male,Yes,0,Not Graduate,No,3814,1483,300,1,Semiurban,19200000, Approved
LP002622,Male,Yes,2,Graduate,No,3510,4416,360,1,Rural,7200000, Approved
LP002624,Male,Yes,0,Graduate,No,20833,6667,360,,Urban,15900000, Rejected
LP002625,,No,0,Graduate,No,3583,0,360,1,Urban,12500000, Approved
LP002626,Male,Yes,0,Graduate,Yes,2479,3013,360,1,Urban,11200000, Rejected
LP002634,Female,No,1,Graduate,No,13262,0,360,1,Urban,39500000, Approved
LP002637,Male,No,0,Not Graduate,No,3598,1287,360,1,Rural,9000000, Rejected
LP002640,Male,Yes,1,Graduate,No,6065,2004,360,1,Semiurban,19000000, Approved
LP002643,Male,Yes,2,Graduate,No,3283,2035,360,1,Urban,29100000, Rejected
LP002648,Male,Yes,0,Graduate,No,2130,6666,180,1,Semiurban,9700000, Approved
LP002652,Male,No,0,Graduate,No,5815,3666,360,1,Rural,25900000, Rejected
LP002659,Male,Yes,3+,Graduate,No,3466,3428,360,1,Rural,18500000, Rejected
LP002670,Female,Yes,2,Graduate,No,2031,1632,480,1,Semiurban,19100000, Approved
LP002682,Male,Yes,,Not Graduate,No,3074,1800,360,0,Semiurban,10600000, Rejected
LP002683,Male,No,0,Graduate,No,4683,1915,360,1,Semiurban,10500000, Approved
LP002684,Female,No,0,Not Graduate,No,3400,0,360,1,Rural,1300000, Rejected
LP002689,Male,Yes,2,Not Graduate,No,2192,1742,360,1,Semiurban,21200000, Approved
LP002690,Male,No,0,Graduate,No,2500,0,360,1,Semiurban,24100000, Approved
LP002692,Male,Yes,3+,Graduate,Yes,5677,1424,360,1,Rural,20500000, Rejected
LP002693,Male,Yes,2,Graduate,Yes,7948,7166,360,1,Rural,27900000, Rejected
LP002697,Male,No,0,Graduate,No,4680,2087,360,1,Semiurban,28200000, Approved
LP002699,Male,Yes,2,Graduate,Yes,17500,0,360,1,Rural,17000000, Approved
LP002705,Male,Yes,0,Graduate,No,3775,0,360,1,Semiurban,5000000, Approved
LP002706,Male,Yes,1,Not Graduate,No,5285,1430,360,0,Semiurban,4900000, Approved
LP002714,Male,No,1,Not Graduate,No,2679,1302,360,1,Semiurban,23900000, Approved
LP002716,Male,No,0,Not Graduate,No,6783,0,360,1,Semiurban,13500000, Approved
LP002717,Male,Yes,0,Graduate,No,1025,5500,360,,Rural,31800000, Approved
LP002720,Male,Yes,3+,Graduate,No,4281,0,360,1,Urban,1000000, Approved
LP002723,Male,No,2,Graduate,No,3588,0,360,0,Rural,23900000, Rejected
LP002729,Male,No,1,Graduate,No,11250,0,360,,Semiurban,4300000, Approved
LP002731,Female,No,0,Not Graduate,Yes,18165,0,360,1,Urban,10000000, Rejected
LP002732,Male,No,0,Not Graduate,,2550,2042,360,1,Rural,15000000, Rejected
LP002734,Male,Yes,0,Graduate,No,6133,3906,360,1,Urban,14100000, Approved
LP002738,Male,No,2,Graduate,No,3617,0,360,1,Semiurban,15200000, Rejected
LP002739,Male,Yes,0,Not Graduate,No,2917,536,360,1,Rural,26300000, Approved
LP002740,Male,Yes,3+,Graduate,No,6417,0,180,1,Rural,13200000, Approved
LP002741,Female,Yes,1,Graduate,No,4608,2845,180,1,Semiurban,3200000, Approved
LP002743,Female,No,0,Graduate,No,2138,0,360,0,Semiurban,14200000, Rejected
LP002753,Female,No,1,Graduate,,3652,0,360,1,Semiurban,7800000, Rejected
LP002755,Male,Yes,1,Not Graduate,No,2239,2524,360,1,Urban,2700000, Approved
LP002757,Female,Yes,0,Not Graduate,No,3017,663,360,,Semiurban,10900000, Approved
LP002767,Male,Yes,0,Graduate,No,2768,1950,360,1,Rural,20500000, Approved
LP002768,Male,No,0,Not Graduate,No,3358,0,36,1,Semiurban,22100000, Approved
LP002772,Male,No,0,Graduate,No,2526,1783,360,1,Rural,37600000, Rejected
LP002776,Female,No,0,Graduate,No,5000,0,360,0,Semiurban,4900000, Approved
LP002777,Male,Yes,0,Graduate,No,2785,2016,360,1,Rural,22500000, Approved
LP002778,Male,Yes,2,Graduate,Yes,6633,0,360,0,Rural,10400000, Rejected
LP002784,Male,Yes,1,Not Graduate,No,2492,2375,360,1,Rural,18400000, Approved
LP002785,Male,Yes,1,Graduate,No,3333,3250,360,1,Urban,16200000, Approved
LP002788,Male,Yes,0,Not Graduate,No,2454,2333,360,0,Urban,700000, Approved
LP002789,Male,Yes,0,Graduate,No,3593,4266,180,0,Rural,22800000, Rejected
LP002792,Male,Yes,1,Graduate,No,5468,1032,360,1,Semiurban,22200000, Approved
LP002794,Female,No,0,Graduate,No,2667,1625,360,,Urban,32300000, Rejected
LP002795,Male,Yes,3+,Graduate,Yes,10139,0,360,1,Semiurban,12300000, Approved
LP002798,Male,Yes,0,Graduate,No,3887,2669,360,1,Semiurban,12000000, Rejected
LP002804,Female,Yes,0,Graduate,No,4180,2306,360,1,Semiurban,500000, Rejected
LP002807,Male,Yes,2,Not Graduate,No,3675,242,360,1,Semiurban,25500000, Approved
LP002813,Female,Yes,1,Graduate,Yes,19484,0,360,1,Semiurban,20400000, Approved
LP002820,Male,Yes,0,Graduate,No,5923,2054,360,1,Rural,15200000, Rejected
LP002821,Male,No,0,Not Graduate,Yes,5800,0,360,1,Semiurban,27900000, Approved
LP002832,Male,Yes,2,Graduate,No,8799,0,360,0,Urban,6100000, Approved
LP002833,Male,Yes,0,Not Graduate,No,4467,0,360,,Rural,14000000, Approved
LP002836,Male,No,0,Graduate,No,3333,0,360,1,Urban,5900000, Approved
LP002837,Male,Yes,3+,Graduate,No,3400,2500,360,0,Rural,11100000, Rejected
LP002840,Female,No,0,Graduate,No,2378,0,360,1,Urban,9800000, Approved
LP002841,Male,Yes,0,Graduate,No,3166,2064,360,0,Urban,4300000, Approved
LP002842,Male,Yes,1,Graduate,No,3417,1750,360,1,Urban,7200000, Rejected
LP002847,Male,Yes,,Graduate,No,5116,1451,360,0,Urban,17500000, Approved
LP002855,Male,Yes,2,Graduate,No,16666,0,360,1,Urban,2700000, Approved
LP002862,Male,Yes,2,Not Graduate,No,6125,1625,480,1,Semiurban,11000000, Approved
LP002863,Male,Yes,3+,Graduate,No,6406,0,360,1,Semiurban,17500000, Rejected
LP002868,Male,Yes,2,Graduate,No,3159,461,84,1,Urban,5800000, Approved
LP002872,,Yes,0,Graduate,No,3087,2210,360,0,Semiurban,7500000, Approved
LP002874,Male,No,0,Graduate,No,3229,2739,360,1,Urban,8600000, Approved
LP002877,Male,Yes,1,Graduate,No,1782,2232,360,1,Rural,20500000, Approved
LP002888,Male,No,0,Graduate,,3182,2917,360,1,Urban,10900000, Rejected
LP002892,Male,Yes,2,Graduate,No,6540,0,360,1,Semiurban,26300000, Rejected
LP002893,Male,No,0,Graduate,No,1836,33837,360,1,Urban,22200000, Approved
LP002894,Female,Yes,0,Graduate,No,3166,0,360,1,Semiurban,19200000, Rejected
LP002898,Male,Yes,1,Graduate,No,1880,0,360,,Rural,13200000, Approved
LP002911,Male,Yes,1,Graduate,No,2787,1917,360,0,Rural,31800000, Rejected
LP002912,Male,Yes,1,Graduate,No,4283,3000,84,1,Rural,5700000, Approved
LP002916,Male,Yes,0,Graduate,No,2297,1522,360,1,Urban,24600000, Approved
LP002917,Female,No,0,Not Graduate,No,2165,0,360,1,Semiurban,3800000, Rejected
LP002925,,No,0,Graduate,No,4750,0,360,1,Semiurban,2800000, Approved
LP002926,Male,Yes,2,Graduate,Yes,2726,0,360,0,Semiurban,28600000, Approved
LP002928,Male,Yes,0,Graduate,No,3000,3416,180,1,Semiurban,10600000, Rejected
LP002931,Male,Yes,2,Graduate,Yes,6000,0,240,1,Semiurban,4000000, Rejected
LP002933,,No,3+,Graduate,Yes,9357,0,360,1,Semiurban,2200000, Rejected
LP002936,Male,Yes,0,Graduate,No,3859,3300,180,1,Rural,1800000, Approved
LP002938,Male,Yes,0,Graduate,Yes,16120,0,360,1,Urban,12500000, Rejected
LP002940,Male,No,0,Not Graduate,No,3833,0,360,1,Rural,5400000, Approved
LP002941,Male,Yes,2,Not Graduate,Yes,6383,1000,360,1,Rural,14600000, Approved
LP002943,Male,No,,Graduate,No,2987,0,360,0,Semiurban,1300000, Rejected
LP002945,Male,Yes,0,Graduate,Yes,9963,0,360,1,Rural,9400000, Approved
LP002948,Male,Yes,2,Graduate,No,5780,0,360,1,Urban,16800000, Approved
LP002949,Female,No,3+,Graduate,,416,41667,180,,Urban,9700000, Rejected
LP002950,Male,Yes,0,Not Graduate,,2894,2792,360,1,Rural,10600000, Approved
LP002953,Male,Yes,3+,Graduate,No,5703,0,360,1,Urban,10000000, Approved
LP002958,Male,No,0,Graduate,No,3676,4301,360,1,Rural,17500000, Rejected
LP002959,Female,Yes,1,Graduate,No,12000,0,360,1,Semiurban,16000000, Approved
LP002960,Male,Yes,0,Not Graduate,No,2400,3800,180,1,Urban,24500000, Approved
LP002961,Male,Yes,1,Graduate,No,3400,2500,360,1,Semiurban,12700000, Approved
LP002964,Male,Yes,2,Not Graduate,No,3987,1411,360,1,Rural,13100000, Rejected
LP002974,Male,Yes,0,Graduate,No,3232,1950,360,1,Rural,12500000, Approved
LP002978,Female,No,0,Graduate,No,2900,0,360,1,Rural,17900000, Approved
LP002979,Male,Yes,3+,Graduate,No,4106,0,180,1,Rural,23900000, Rejected
LP002983,Male,Yes,1,Graduate,No,8072,240,360,1,Urban,24900000, Approved
LP002984,Male,Yes,2,Graduate,No,7583,0,360,1,Urban,17500000, Rejected
LP002990,Female,No,0,Graduate,Yes,4583,0,360,0,Semiurban,8100000, Approved
